alpha_real,alpha_hybrid,alpha_phys
4.0,5.293257713317871,5.112781047821045
1.0,1.1566734313964844,1.161022424697876
1.0,1.0919299125671387,1.0978326797485352
1.0,1.0,1.0
