alpha_real,alpha_hybrid,alpha_phys
1.0,1.2154709100723267,1.2212368249893188
1.0,1.9577003717422485,1.959141731262207
2.0,2.174229145050049,2.1726531982421875
1.0,1.0,1.0
