alpha_real,alpha_hybrid,alpha_phys
1.0,2.591501235961914,0.46717560291290283
1.0,0.11740659177303314,2.534144163131714
1.0,0.005068365950137377,1.805454134941101
1.0,1.0,1.0
