alpha_real,alpha_hybrid,alpha_phys
3.0,2.5041210651397705,2.5624029636383057
1.0,1.0662859678268433,1.0533016920089722
1.0,1.0995577573776245,1.086720585823059
1.0,1.0,1.0
