alpha_real,alpha_hybrid,alpha_phys
1.0,0.9848963022232056,1.045286774635315
1.0,1.0081864595413208,1.0242371559143066
2.0,1.0720568895339966,1.0334628820419312
1.0,1.0,1.0
