alpha_real,alpha_hybrid,alpha_phys
1.0,4.020014762878418,3.8367652893066406
1.0,1.092797875404358,1.0926058292388916
2.0,1.0554770231246948,1.066845178604126
1.0,1.0,1.0
