alpha_real,alpha_hybrid,alpha_phys
1.0,3.6989080905914307,3.6988070011138916
1.0,0.9689124226570129,0.9694538116455078
2.0,1.112767219543457,1.1046479940414429
1.0,1.0,1.0
