alpha_real,alpha_hybrid,alpha_phys
1.0,1.5891033411026,1.017052412033081
1.0,0.6842185854911804,0.3608199656009674
2.0,1.511711597442627,1.7146488428115845
1.0,1.0,1.0
