alpha_real,alpha_hybrid,alpha_phys
1.0,1.7696243524551392,1.076757788658142
1.0,0.02422052063047886,1.1700353622436523
1.0,2.3345367908477783,2.074216604232788
1.0,1.0,1.0
