alpha_real,alpha_hybrid,alpha_phys
3.0,1.8876926898956299,1.874191164970398
1.0,1.4611921310424805,1.4775426387786865
1.0,1.1913670301437378,1.203791856765747
1.0,1.0,1.0
