alpha_real,alpha_hybrid,alpha_phys
4.0,4.010936260223389,2.8319003582000732
1.0,1.4076905250549316,1.4129810333251953
1.0,1.296547770500183,1.3475818634033203
1.0,1.0,1.0
