alpha_real,alpha_hybrid,alpha_phys
1.0,0.8068929314613342,1.3117544651031494
1.0,1.6417732238769531,1.1310553550720215
1.0,1.4705830812454224,2.062934637069702
1.0,1.0,1.0
