alpha_real,alpha_hybrid,alpha_phys
1.0,4.911274433135986,4.874273300170898
1.0,0.8266290426254272,0.8463239073753357
2.0,0.9948404431343079,1.004244089126587
1.0,1.0,1.0
