alpha_real,alpha_hybrid,alpha_phys
1.0,0.9292188882827759,0.946628212928772
1.0,1.0988004207611084,1.0709971189498901
2.0,2.2058398723602295,2.208486318588257
1.0,1.0,1.0
