alpha_real,alpha_hybrid,alpha_phys
1.0,3.895613670349121,3.491692066192627
1.0,1.0501492023468018,1.0598013401031494
2.0,1.094402551651001,1.1084848642349243
1.0,1.0,1.0
