alpha_real,alpha_hybrid,alpha_phys
1.0,1.2219791412353516,1.1336205005645752
1.0,0.8917062878608704,1.3128149509429932
1.0,2.136996030807495,2.168185234069824
1.0,1.0,1.0
