alpha_real,alpha_hybrid,alpha_phys
1.0,1.2046273946762085,1.287205457687378
1.0,0.5724771618843079,0.5426754355430603
2.0,1.9167559146881104,2.0683720111846924
1.0,1.0,1.0
