alpha_real,alpha_hybrid,alpha_phys
1.0,0.9983708262443542,0.9979006052017212
1.0,0.9766136407852173,1.0000793933868408
2.0,2.020124912261963,1.9995673894882202
1.0,1.0,1.0
