alpha_real,alpha_hybrid,alpha_phys
1.0,0.8132161498069763,0.8368546962738037
1.0,0.7680435180664062,0.7907412648200989
2.0,2.299172878265381,2.306508779525757
1.0,1.0,1.0
