alpha_real,alpha_hybrid,alpha_phys
1.0,3.676259756088257,3.529245138168335
1.0,1.0954194068908691,1.084132194519043
2.0,1.1104565858840942,1.1308352947235107
1.0,1.0,1.0
