alpha_real,alpha_hybrid,alpha_phys
1.0,1.078370213508606,1.0985808372497559
1.0,0.9188306331634521,0.8955404758453369
2.0,2.2503130435943604,2.257232904434204
1.0,1.0,1.0
