alpha_real,alpha_hybrid,alpha_phys
1.0,4.556554794311523,4.566196918487549
1.0,0.9662063121795654,0.967096745967865
2.0,0.9906556010246277,0.9887630343437195
1.0,1.0,1.0
