alpha_real,alpha_hybrid,alpha_phys
1.0,1.1873114109039307,1.2179052829742432
1.0,0.9406798481941223,0.9295042157173157
2.0,2.192385196685791,2.2036261558532715
1.0,1.0,1.0
