alpha_real,alpha_hybrid,alpha_phys
1.0,1.065950870513916,1.0776177644729614
1.0,1.0349599123001099,1.0190937519073486
2.0,1.071233868598938,1.0396785736083984
1.0,1.0,1.0
