alpha_real,alpha_hybrid,alpha_phys
1.0,4.08322811126709,4.087012767791748
1.0,0.8829292058944702,0.883039653301239
2.0,1.2775729894638062,1.2689846754074097
1.0,1.0,1.0
