alpha_real,alpha_hybrid,alpha_phys
3.0,1.649814486503601,1.493952989578247
1.0,-2.5786168575286865,-2.567203998565674
1.0,1.5020458698272705,1.5060842037200928
1.0,1.0,1.0
