alpha_real,alpha_hybrid,alpha_phys
1.0,4.367770671844482,4.388635158538818
1.0,0.8432835936546326,0.8539294600486755
2.0,1.212581992149353,1.1885089874267578
1.0,1.0,1.0
