alpha_real,alpha_hybrid,alpha_phys
1.0,0.9686071872711182,0.982927143573761
1.0,0.9324583411216736,0.9487932920455933
2.0,1.008949875831604,1.0109913349151611
1.0,1.0,1.0
