alpha_real,alpha_hybrid,alpha_phys
1.0,1.2487199306488037,0.6599445939064026
1.0,0.638089120388031,0.867812991142273
1.0,2.0643155574798584,1.7702550888061523
1.0,1.0,1.0
