alpha_real,alpha_hybrid,alpha_phys
1.0,1.004762887954712,0.5883687734603882
1.0,0.3856945335865021,0.7131443619728088
2.0,2.0273730754852295,2.068474292755127
1.0,1.0,1.0
