alpha_real,alpha_hybrid,alpha_phys
1.0,1.0214111804962158,1.0204097032546997
1.0,0.7359489798545837,0.7287096977233887
2.0,2.4596855640411377,2.46481990814209
1.0,1.0,1.0
