alpha_real,alpha_hybrid,alpha_phys
1.0,1.1351687908172607,1.064307689666748
1.0,1.081016182899475,1.025970220565796
2.0,2.064483642578125,2.143249273300171
1.0,1.0,1.0
