alpha_real,alpha_hybrid,alpha_phys
4.0,3.5022923946380615,3.501816749572754
1.0,1.1819002628326416,1.1567786931991577
1.0,1.2497024536132812,1.2583528757095337
1.0,1.0,1.0
