k_real,k_hybrid,k_phys
1.0,9.283827781677246,9.17604923248291
-2.0,-0.34114131331443787,-0.7188981175422668
-2.0,-1.786458134651184,-1.7005016803741455
1.0,1.0,1.0
