k_real,k_hybrid,k_phys
1.0,1.0698922872543335,1.821541666984558
-1.0,-0.06046265363693237,0.6688677072525024
2.0,-1.3865928649902344,-2.469038248062134
1.0,1.0,1.0
