k_real,k_hybrid,k_phys
3.0,2.2540202140808105,3.6782023906707764
-1.0,-0.931485652923584,-0.682776927947998
-1.0,-0.7746824622154236,-3.206289291381836
1.0,1.0,1.0
