k_real,k_hybrid,k_phys
1.0,0.23878948390483856,1.0755809545516968
-1.0,-1.0560603141784668,0.5888517498970032
0.0,2.31876802444458,2.6179137229919434
1.0,1.0,1.0
