k_real,k_hybrid,k_phys
1.0,1.2791905403137207,1.2695130109786987
-1.0,-0.7380974292755127,-0.7435399889945984
2.0,-1.9683043956756592,-1.9762309789657593
1.0,1.0,1.0
