k_real,k_hybrid,k_phys
3.0,2.323920488357544,2.054241418838501
-1.0,-0.7177324891090393,-0.7277341485023499
-1.0,-0.5355258584022522,-0.5737355351448059
1.0,1.0,1.0
