k_real,k_hybrid,k_phys
1.0,0.9946281909942627,0.9989996552467346
-1.0,-0.9988382458686829,-1.002859354019165
2.0,-2.00020694732666,-2.0002338886260986
1.0,1.0,1.0
