k_real,k_hybrid,k_phys
4.0,1.8854559659957886,1.8892285823822021
1.0,0.28046467900276184,0.27398985624313354
-2.0,-1.3922544717788696,-1.3915903568267822
1.0,1.0,1.0
