k_real,k_hybrid,k_phys
1.0,1.2534412145614624,1.2656522989273071
-1.0,-0.7141879796981812,-0.7054682970046997
2.0,-1.863472819328308,-1.8726407289505005
1.0,1.0,1.0
