k_real,k_hybrid,k_phys
1.0,2.320833921432495,2.6779134273529053
-1.0,2.922183036804199,3.07102108001709
2.0,-1.479452133178711,-1.5719105005264282
1.0,1.0,1.0
