k_real,k_hybrid,k_phys
1.0,1.3781694173812866,2.6730871200561523
-1.0,-0.003102156100794673,1.2786482572555542
0.0,3.262805938720703,2.362959861755371
1.0,1.0,1.0
