k_real,k_hybrid,k_phys
1.0,2.3266420364379883,2.5694708824157715
-1.0,-0.46717599034309387,-1.270107388496399
0.0,1.3509340286254883,1.6483705043792725
1.0,1.0,1.0
