k_real,k_hybrid,k_phys
1.0,2.3019773960113525,2.8406665325164795
-2.0,-0.7050459384918213,-0.33755257725715637
-2.0,-1.2103890180587769,-2.471302032470703
1.0,1.0,1.0
