k_real,k_hybrid,k_phys
1.0,1.499803900718689,2.117399215698242
-1.0,-0.8116216659545898,0.07380542904138565
2.0,-0.6194867491722107,-1.8624327182769775
1.0,1.0,1.0
