k_real,k_hybrid,k_phys
1.0,1.945340633392334,1.416063904762268
-1.0,-1.1136326789855957,-1.2190463542938232
0.0,1.3892362117767334,1.1776666641235352
1.0,1.0,1.0
