k_real,k_hybrid,k_phys
1.0,14.193979263305664,14.309392929077148
-2.0,1.8199914693832397,1.826315999031067
-2.0,1.7483240365982056,1.756836175918579
1.0,1.0,1.0
