k_real,k_hybrid,k_phys
1.0,2.2858121395111084,2.1804096698760986
-2.0,-0.6788852214813232,-0.2961188852787018
-2.0,-1.075641393661499,-1.5488749742507935
1.0,1.0,1.0
