k_real,k_hybrid,k_phys
1.0,4.2855024337768555,4.220846176147461
-2.0,-1.3030014038085938,-1.303545355796814
-2.0,-1.4412754774093628,-1.4336485862731934
1.0,1.0,1.0
