k_real,k_hybrid,k_phys
1.0,5.008958339691162,4.965455055236816
-2.0,-1.3641941547393799,-1.3708423376083374
-2.0,-1.548138976097107,-1.5500551462173462
1.0,1.0,1.0
