k_real,k_hybrid,k_phys
1.0,2.3309876918792725,2.0604755878448486
-1.0,-1.2287520170211792,-0.7349570393562317
0.0,0.8209620118141174,0.21979890763759613
1.0,1.0,1.0
