k_real,k_hybrid,k_phys
1.0,4.604632377624512,4.644152641296387
-2.0,3.223661184310913,3.215327739715576
-2.0,1.6792770624160767,1.7580238580703735
1.0,1.0,1.0
