k_real,k_hybrid,k_phys
1.0,0.9570828676223755,0.5473945736885071
-1.0,1.2915364503860474,0.1789732724428177
2.0,-1.4868615865707397,-2.0775046348571777
1.0,1.0,1.0
