k_real,k_hybrid,k_phys
1.0,1.2568243741989136,1.3726245164871216
-1.0,-0.620053768157959,-1.3709620237350464
2.0,-0.3953382968902588,0.36798620223999023
1.0,1.0,1.0
