k_real,k_hybrid,k_phys
1.0,1.3917932510375977,1.399669885635376
-1.0,-0.6773670315742493,-0.679405152797699
2.0,-2.1463072299957275,-2.15891170501709
1.0,1.0,1.0
