k_real,k_hybrid,k_phys
4.0,1.1275579929351807,1.0304086208343506
1.0,-1.6912511587142944,1.1933473348617554
-2.0,-4.914993762969971,-4.748599052429199
1.0,1.0,1.0
