k_real,k_hybrid,k_phys
12.0,2.846837043762207,2.8960468769073486
0.0,-1.206966519355774,-1.2642638683319092
0.0,-0.8302797675132751,-0.8888859152793884
1.0,1.0,1.0
