k_real,k_hybrid,k_phys
1.0,1.055165410041809,1.0474904775619507
-1.0,-0.7514650821685791,-0.75221186876297
2.0,-0.9701800346374512,-0.9688252210617065
1.0,1.0,1.0
