k_real,k_hybrid,k_phys
1.0,2.6834216117858887,2.4075753688812256
-1.0,-1.2342168092727661,-1.6264150142669678
0.0,1.0148136615753174,-0.5519396066665649
1.0,1.0,1.0
