k_real,k_hybrid,k_phys
4.0,3.30067777633667,3.3135673999786377
1.0,0.6984672546386719,0.7270258069038391
-2.0,-1.9855846166610718,-1.98798668384552
1.0,1.0,1.0
