k_real,k_hybrid,k_phys
1.0,1.1297471523284912,1.1443839073181152
-1.0,-1.2510217428207397,-1.2415920495986938
2.0,1.539607048034668,1.5784004926681519
1.0,1.0,1.0
