k_real,k_hybrid,k_phys
1.0,1.1680545806884766,1.1807172298431396
-1.0,-1.15767502784729,-1.1492488384246826
2.0,1.6474497318267822,1.6697466373443604
1.0,1.0,1.0
