k_real,k_hybrid,k_phys
1.0,2.33146071434021,2.071920871734619
-1.0,-1.134613037109375,-1.1903196573257446
0.0,1.1475733518600464,0.7953203320503235
1.0,1.0,1.0
