k_real,k_hybrid,k_phys
1.0,1.2580496072769165,1.4754071235656738
-2.0,-0.2943095266819,-0.34307053685188293
-2.0,-1.268791913986206,-0.8364887237548828
1.0,1.0,1.0
