k_real,k_hybrid,k_phys
1.0,1.8478143215179443,1.403534173965454
-2.0,-0.8667263388633728,-0.8917436599731445
-2.0,-0.8626804947853088,-1.2893644571304321
1.0,1.0,1.0
