k_real,k_hybrid,k_phys
4.0,-6.5738091468811035,-6.803532123565674
1.0,0.09255599230527878,0.24788300693035126
-2.0,-0.7066646814346313,0.16405265033245087
1.0,1.0,1.0
