k_real,k_hybrid,k_phys
1.0,0.8730993866920471,0.7997890710830688
-1.0,-0.53575199842453,-0.7267337441444397
2.0,-1.7456421852111816,-1.8326067924499512
1.0,1.0,1.0
