k_real,k_hybrid,k_phys
4.0,4.649046897888184,4.7275190353393555
1.0,0.34198522567749023,0.2625584900379181
-2.0,0.2698802053928375,0.13494190573692322
1.0,1.0,1.0
