k_real,k_hybrid,k_phys
1.0,2.577329158782959,2.607701063156128
-2.0,-0.8021712303161621,-0.8627762198448181
-2.0,-1.658262848854065,-1.6494295597076416
1.0,1.0,1.0
