k_real,k_hybrid,k_phys
1.0,2.143038272857666,2.0197291374206543
-1.0,0.43767181038856506,0.4337814152240753
2.0,-1.6087381839752197,-1.6321427822113037
1.0,1.0,1.0
