k_real,k_hybrid,k_phys
1.0,0.8336836695671082,0.7793052196502686
-1.0,-0.5500455498695374,-0.5990673303604126
2.0,-1.6366335153579712,-1.6312114000320435
1.0,1.0,1.0
